method,seed,endurance_min,mission_time_min,energy_Wh,completed,mean_comp_time,final_soc,fuel_used_Wh,fuel_remaining_Wh,mean_wind,max_wind
baseline_fixed,0,107.95,39.18333333333333,210.31861642468846,True,,0.1999899189058535,194.75093380995057,55.24906619004943,3.137317339499022,9.713508132419658
baseline_offline,0,123.4,39.18333333333333,239.73155392468246,True,,0.2120981989368028,250.00771893387872,-0.007718933878720691,3.1794085883675627,10.214075579018951
aemcf,0,124.33333333333333,40.25,241.29834839070207,True,0.0015652249643431395,0.1999949525808354,249.94941999159988,0.050580008400118004,3.179157383678016,10.214075579018951
aemcf_nowind,0,124.25,38.68333333333333,241.33958857919876,True,0.0017026656688126165,0.19998712302595045,249.9882633446285,0.011736655371493043,3.179416938199538,10.214075579018951
baseline_fixed,1,107.96666666666667,39.18333333333333,210.34698116398258,True,,0.19988876837158376,194.77734407610834,55.222655923891665,3.228403110821701,10.910107524280594
baseline_offline,1,123.4,39.18333333333333,239.72818949730993,True,,0.21210855475762525,250.00393397076573,-0.0039339707657291,3.226707070463789,10.910107524280594
aemcf,1,124.45,40.016666666666666,241.2950444569731,True,0.0015949843996251262,0.19997232738584494,249.95864788014825,0.04135211985175147,3.2219262101823314,10.910107524280594
aemcf_nowind,1,124.25,38.68333333333333,241.33958857919876,True,0.0014879853692822294,0.1999932352143696,249.9698337904092,0.03016620959078864,3.2206217990652757,10.910107524280594
baseline_fixed,2,107.95,38.88333333333333,210.3161030631576,True,,0.19999888171911906,194.75056521139643,55.249434788603565,3.2344369660927237,9.994915442283796
baseline_offline,2,123.4,38.88333333333333,239.7290405631516,True,,0.21210593514828588,250.00904705329268,-0.009047053292675855,3.2158044104699792,9.994915442283796
aemcf,2,124.71666666666667,39.5,241.28591928706217,True,0.0015496201643724697,0.19997299500711804,249.9853361383777,0.014663861622295826,3.213717877069015,9.994915442283796
aemcf_nowind,2,124.26666666666667,38.68333333333333,241.3713177458654,True,0.0015281445779238003,0.19991868959939302,250.00819270055894,-0.008192700558936394,3.2118116453945427,9.994915442283796
baseline_fixed,3,107.95,38.016666666666666,210.31746558618352,True,,0.19999402287199197,194.74833357210474,55.25166642789526,3.0350900747507708,10.094369940811497
baseline_offline,3,123.4,38.016666666666666,239.73040308617752,True,,0.21210174125650003,250.00309665195218,-0.0030966519521768987,3.0645904433553257,10.094369940811497
aemcf,3,123.45,38.35,241.42034583290175,True,0.0014992437958684678,0.1999292062627235,250.0154363898696,-0.015436389869591949,3.0637623276217596,10.094369940811497
aemcf_nowind,3,124.26666666666667,38.68333333333333,241.3713177458654,True,0.0014714127664968947,0.19992572731344752,250.00951970044653,-0.009519700446531942,3.071620580624369,10.094369940811497
baseline_fixed,4,107.96666666666667,36.93333333333333,210.34643994749442,True,,0.19989069838533546,194.7764147924002,55.2235852075998,3.141219948932864,10.129891960449191
baseline_offline,4,123.4,36.93333333333333,239.72764828082177,True,,0.21211022064021,250.00264637675497,-0.00264637675496715,3.0998962567913546,10.129891960449191
aemcf,4,124.3,37.46666666666667,241.33753103432602,True,0.00151230319777419,0.1999440558278422,250.0023080279103,-0.0023080279102885015,3.092407158153366,10.129891960449191
aemcf_nowind,4,124.25,38.68333333333333,241.33958857919876,True,0.001464115837424665,0.1999826912972047,249.96698714211198,0.03301285788802488,3.0931221637126596,10.129891960449191
baseline_fixed,5,107.96666666666667,38.65,210.3455346060086,True,,0.19989392689288665,194.77963020878346,55.22036979121654,3.26406307927182,9.906325541932343
baseline_offline,5,123.4,38.65,239.72674293933594,True,,0.21211300731181038,250.01064937650375,-0.010649376503749863,3.2427637989277107,10.013386786096218
aemcf,5,123.48333333333333,39.266666666666666,241.39477457436112,True,0.0015590514467540846,0.1999029239425575,250.00924093915324,-0.009240939153244199,3.242553230526524,10.013386786096218
aemcf_nowind,5,124.25,38.68333333333333,241.33958857919876,True,0.0016966881840373056,0.1999916159280724,249.98947443603237,0.010525563967632934,3.237617330391223,10.013386786096218
baseline_fixed,6,107.95,39.03333333333333,210.3172854263542,True,,0.19999466533384813,194.7505887275643,55.24941127243571,3.201970283020295,11.13739630895736
baseline_offline,6,123.4,39.03333333333333,239.7302229263482,True,,0.21210229579452652,250.0082190901184,-0.00821909011838784,3.1776744427457846,11.13739630895736
aemcf,6,123.95,39.6,241.35033620477327,True,0.0015890966875087606,0.19991027517689908,249.97826837123864,0.02173162876135848,3.1803302078455764,11.13739630895736
aemcf_nowind,6,124.25,38.68333333333333,241.33958857919876,True,0.0016074211725015258,0.19998086201944149,249.9782960654884,0.02170393451160635,3.180281561274844,11.13739630895736
baseline_fixed,7,107.95,39.5,210.31748320285033,True,,0.1999939600497972,194.7498291632767,55.2501708367233,3.1548225306066144,9.442027398838595
baseline_offline,7,123.4,39.5,239.73042070284433,True,,0.2121016870318065,250.00596825920988,-0.005968259209879534,3.1714167018420274,9.442027398838595
aemcf,7,125.03333333333333,40.53333333333333,241.2581600624546,True,0.0015405865025325729,0.19996768918497815,249.96917579768703,0.030824202312970783,3.164958677249699,9.442027398838595
aemcf_nowind,7,124.25,38.68333333333333,241.33958857919876,True,0.0016533607101275349,0.19999121469754522,249.98945207219683,0.010547927803173707,3.169487366428627,9.442027398838595
baseline_fixed,8,107.96666666666667,39.416666666666664,210.34741827640906,True,,0.19988720959979123,194.77865154840424,55.22134845159576,3.195740679747273,10.503874800431515
baseline_offline,8,123.4,39.416666666666664,239.7286266097364,True,,0.21210720931084925,250.00633592235408,-0.006335922354082868,3.1694612903856405,10.503874800431515
aemcf,8,124.88333333333334,40.05,241.25806976660763,True,0.0015501919675697182,0.1999976559336296,249.9664144321506,0.03358556784939992,3.181801739492645,10.503874800431515
aemcf_nowind,8,124.25,38.68333333333333,241.33958857919876,True,0.0017183070878608602,0.20005129374103128,250.00451939710376,-0.004519397103763367,3.178497093728116,10.503874800431515
baseline_fixed,9,107.95,38.333333333333336,210.32175956255472,True,,0.19997871026856573,194.7529485441515,55.24705145584849,3.1082146360317595,10.108089909775742
baseline_offline,9,123.4,38.333333333333336,239.73469706254872,True,,0.21208852425253807,250.00932819962068,-0.009328199620682653,3.10513178554993,10.480566129330322
aemcf,9,124.5,38.93333333333333,241.31350865292924,True,0.0015330306064259874,0.19992077848129416,249.97354411182673,0.026455888173273934,3.1087530063423525,10.480566129330322
aemcf_nowind,9,124.25,38.68333333333333,241.33958857919876,True,0.0016514768244133655,0.1999974420450989,249.99061713343403,0.009382866565971426,3.1111988339161525,10.480566129330322
baseline_fixed,10,107.96666666666667,39.05,210.34645108442123,True,,0.19989065867031963,194.7758419327402,55.22415806725979,3.17132739769799,9.251305490699284
baseline_offline,10,123.4,39.05,239.72765941774858,True,,0.21211018636037582,250.00108997150707,-0.0010899715070706861,3.139137717357701,9.343192859446777
aemcf,10,124.51666666666667,39.7,241.30131543634482,True,0.001519695433007855,0.19998087285263433,249.97513908986812,0.024860910131877745,3.136546335980426,9.343192859446777
aemcf_nowind,10,124.26666666666667,38.68333333333333,241.3713177458654,True,0.0015902432533531213,0.19990444208112823,250.02498857514698,-0.02498857514697761,3.138013436247527,9.343192859446777
baseline_fixed,11,107.95,37.5,210.32420943980114,True,,0.1999699738444516,194.75568671351846,55.24431328648154,3.2553287223146894,9.833470820539532
baseline_offline,11,123.4,37.5,239.73714693979517,True,,0.2120809834478207,250.01355011394264,-0.013550113942642383,3.257327733679149,9.833470820539532
aemcf,11,124.05,38.25,241.36121085519676,True,0.0015320530335884205,0.19994368862344847,250.0118726192415,-0.01187261924150107,3.2635935381042622,9.833470820539532
aemcf_nowind,11,124.26666666666667,38.68333333333333,241.3713177458654,True,0.0014921121680529501,0.1999333227826963,250.01207531978852,-0.012075319788522165,3.269421141228785,9.833470820539532
baseline_fixed,12,107.96666666666667,37.31666666666667,210.34362626870018,True,,0.19990073214980497,194.7769902602602,55.22300973973981,3.0821675644871407,9.592197729778947
baseline_offline,12,123.4,37.31666666666667,239.72483460202753,True,,0.21211888123835043,250.00701576055445,-0.007015760554452299,3.103506919642831,9.592197729778947
aemcf,12,123.98333333333333,37.95,241.3410935391086,True,0.0014883799482456749,0.19997352228838905,249.9894192209686,0.0105807790313861,3.105084674684791,9.592197729778947
aemcf_nowind,12,124.25,38.68333333333333,241.33958857919876,True,0.0014967618478868678,0.19994689840996363,249.95835200898853,0.041647991011473096,3.102010219641464,9.592197729778947
baseline_fixed,13,107.95,37.65,210.31954925343385,True,,0.1999865923769193,194.75294762926788,55.24705237073212,3.064639255631137,10.091348059358419
baseline_offline,13,123.4,37.65,239.73248675342785,True,,0.21209532765849035,250.0114811458921,-0.01148114589210536,3.0303231573215723,10.091348059358419
aemcf,13,124.31666666666666,38.1,241.3207934146577,True,0.0015346737051884023,0.19995528652982802,249.98239446992577,0.01760553007423482,3.0391243139062833,10.091348059358419
aemcf_nowind,13,124.26666666666667,38.68333333333333,241.3713177458654,True,0.0014937808794262396,0.1999067986695061,250.0053947023305,-0.005394702330505652,3.037249433559105,10.091348059358419
baseline_fixed,14,107.95,38.13333333333333,210.32418313026972,True,,0.1999700676659788,194.75822246186337,55.24177753813663,3.3288142557094726,10.552220078769079
baseline_offline,14,123.4,38.13333333333333,239.73712063026372,True,,0.212081064429446,250.0189576033371,-0.018957603337099727,3.2986728923285336,12.512513944635366
aemcf,14,123.96666666666667,39.0,241.34737860301982,True,0.001470689257192524,0.19995439991503908,249.9889889889458,0.011011011054193887,3.2998318111321083,12.512513944635366
aemcf_nowind,14,124.25,38.68333333333333,241.33958857919876,True,0.0015137019773313843,0.19999455596653049,249.96993085705566,0.03006914294434182,3.296231311296232,12.512513944635366
baseline_fixed,15,107.95,38.63333333333333,210.31839915946608,True,,0.1999906936879905,194.7494825006961,55.250517499303896,3.1409164892557695,10.325406308617124
baseline_offline,15,123.4,38.63333333333333,239.73133665946008,True,,0.21209886768647876,250.00465810004388,-0.004658100043883451,3.128712751524744,10.325406308617124
aemcf,15,123.68333333333334,39.53333333333333,241.3892263152288,True,0.0015536888110763128,0.19989796838595814,249.98219005681716,0.017809943182840016,3.130972219127549,10.325406308617124
aemcf_nowind,15,124.25,38.68333333333333,241.33958857919876,True,0.0015720175274307317,0.1999717291050574,249.96665175479038,0.03334824520962343,3.1295339970462175,10.325406308617124
baseline_fixed,16,107.95,39.93333333333333,210.31750622903405,True,,0.19999387793690426,194.74918986248542,55.25081013751458,3.1415473735283306,9.674033298356957
baseline_offline,16,123.4,39.93333333333333,239.73044372902805,True,,0.21210161615643594,250.0048708329907,-0.004870832990690133,3.134156347754391,9.674033298356957
aemcf,16,123.71666666666667,40.9,241.36215368129427,True,0.001545452364676163,0.199966389931808,249.96664203000722,0.03335796999277818,3.1393593054699878,9.674033298356957
aemcf_nowind,16,124.25,38.68333333333333,241.33958857919876,True,0.001542933305567454,0.19997166315224243,249.96682175434043,0.03317824565957039,3.1375858387176985,9.674033298356957
baseline_fixed,17,107.95,38.46666666666667,210.3187761678188,True,,0.1999893492512963,194.75091254658943,55.24908745341057,3.182290714728579,10.255331582922846
baseline_offline,17,123.4,38.46666666666667,239.7317136678128,True,,0.2120977072420643,250.00772711863226,-0.007727118632260499,3.156680545943892,10.255331582922846
aemcf,17,123.15,39.03333333333333,241.42258280763178,True,0.0014670997911767063,0.1999001781631698,249.98364682546494,0.01635317453505536,3.1585107280556017,10.255331582922846
aemcf_nowind,17,124.26666666666667,38.68333333333333,241.3713177458654,True,0.001533393760997477,0.19993290279238668,250.0142387513879,-0.01423875138789299,3.1601053135663424,10.255331582922846
baseline_fixed,18,107.96666666666667,38.733333333333334,210.34622785549982,True,,0.1998914547194015,194.77502789035933,55.224972109640674,3.239845013623114,10.315127010815875
baseline_offline,18,123.41666666666667,38.733333333333334,239.75916535549382,True,,0.21201321002236176,250.03266699274633,-0.03266699274632856,3.1957160939208693,10.315127010815875
aemcf,18,124.41666666666667,39.65,241.3091279535467,True,0.0016147122171467825,0.19999505439794926,249.97162000399075,0.028379996009249453,3.192601935118105,10.315127010815875
aemcf_nowind,18,124.25,38.68333333333333,241.33958857919876,True,0.0016614929450037652,0.19997706015540972,249.96822809341123,0.031771906588772936,3.1943271119646335,10.315127010815875
baseline_fixed,19,107.96666666666667,38.7,210.34364505934255,True,,0.19990066514113292,194.77497633593075,55.225023664069255,3.274772788422548,11.725660701229891
baseline_offline,19,123.4,38.7,239.7248533926699,True,,0.21211882340012012,250.0018158320821,-0.0018158320820873541,3.2949539108816817,11.725660701229891
aemcf,19,124.78333333333333,39.53333333333333,241.28855611234786,True,0.0015783488743161002,0.19996420455933014,249.99475592753672,0.00524407246328451,3.3017858362407213,11.725660701229891
aemcf_nowind,19,124.25,38.68333333333333,241.33958857919876,True,0.0015616598574112333,0.19993906419405963,249.95973968996884,0.04026031003115804,3.298973480217877,11.725660701229891
baseline_fixed,20,107.95,38.233333333333334,210.31696454880773,True,,0.1999958096043788,194.74974703495354,55.25025296504646,3.00246644685233,9.171516672199274
baseline_offline,20,123.4,38.233333333333334,239.72990204880173,True,,0.21210328346642668,250.0066220290366,-0.006622029036606136,3.018322800665334,9.171516672199274
aemcf,20,123.38333333333334,38.833333333333336,241.3846917534992,True,0.0015931173589081526,0.19996952325469075,249.96142427534906,0.038575724650939947,3.0181758940231784,9.171516672199274
aemcf_nowind,20,124.26666666666667,38.68333333333333,241.3713177458654,True,0.0015897047832624399,0.19996069558484483,250.0184582747026,-0.018458274702595645,3.0268729710907443,9.171516672199274
baseline_fixed,21,107.95,39.03333333333333,210.3194322977173,True,,0.19998700944873105,194.75052214252096,55.249477857479036,3.2352713249113756,9.478827308903716
baseline_offline,21,123.4,39.03333333333333,239.7323697977113,True,,0.2120956876521278,250.00601723774514,-0.0060172377451408465,3.2345110088354385,10.043124231983034
aemcf,21,124.21666666666667,40.083333333333336,241.34442154413676,True,0.001516520674225233,0.19994676812384124,249.99553992545918,0.004460074540816095,3.225822336002492,10.043124231983034
aemcf_nowind,21,124.25,38.68333333333333,241.33958857919876,True,0.001503552402951385,0.19999312349040851,249.97079051620304,0.029209483796961422,3.2253117131201803,10.043124231983034
baseline_fixed,22,107.96666666666667,38.36666666666667,210.34440669822723,True,,0.19989794908655234,194.77402565851716,55.22597434148284,2.999997063189988,10.086623019289567
baseline_offline,22,123.41666666666667,38.36666666666667,239.75734419822123,True,,0.21201881560581184,250.03214279648256,-0.03214279648256024,2.9407065184153893,10.086623019289567
aemcf,22,124.35,38.983333333333334,241.3396566110069,True,0.0015809695128002168,0.1999517926335906,249.9947565291823,0.005243470817703155,2.949891803116878,10.086623019289567
aemcf_nowind,22,124.25,38.68333333333333,241.33958857919876,True,0.0015620745888666446,0.19999951164411192,249.971595432591,0.028404567409012316,2.9499952869146,10.086623019289567
baseline_fixed,23,107.95,39.733333333333334,210.31686956404835,True,,0.19999614832630364,194.74944837344148,55.25055162655852,3.0307571895475824,9.71154045130723
baseline_offline,23,123.4,39.733333333333334,239.72980706404235,True,,0.21210357583271663,250.00600933202995,-0.006009332029947245,3.061596785335163,9.71154045130723
aemcf,23,124.68333333333334,40.333333333333336,241.30636251360934,True,0.0015765507640690688,0.19991594498857293,249.99307022337658,0.0069297766234228675,3.080521894402787,9.71154045130723
aemcf_nowind,23,124.26666666666667,38.68333333333333,241.3713177458654,True,0.0015541841652355042,0.19991462216412623,250.00741269193335,-0.007412691933353699,3.080418489603266,9.71154045130723
baseline_fixed,24,107.96666666666667,39.083333333333336,210.3468974970995,True,,0.1998890667332166,194.77535189662947,55.22464810337053,3.2094705173381275,11.243838494042851
baseline_offline,24,123.41666666666667,39.083333333333336,239.7598349970935,True,,0.21201114884295383,250.03288943346357,-0.03288943346356632,3.1639583384455925,11.243838494042851
aemcf,24,124.05,39.983333333333334,241.33354851747572,True,0.001583027657261039,0.1999697792538438,249.95433721190085,0.045662788099150475,3.1622419744979964,11.243838494042851
aemcf_nowind,24,124.26666666666667,38.68333333333333,241.3713177458654,True,0.0015640002556335066,0.199909084523575,250.0060849962605,-0.0060849962605118435,3.166742574914496,11.243838494042851
baseline_fixed,25,107.95,39.516666666666666,210.3227679750339,True,,0.1999751142030448,194.754183704097,55.24581629590301,3.121582216807077,11.473692335767202
baseline_offline,25,123.4,39.516666666666666,239.7357054750279,True,,0.21208542032494562,250.01130558377116,-0.01130558377116131,3.0803078313816394,11.473692335767202
aemcf,25,124.51666666666667,40.6,241.30776576113104,True,0.001617059951546958,0.1999078263861213,249.9727468636908,0.027253136309212778,3.075480726535419,11.473692335767202
aemcf_nowind,25,124.25,38.68333333333333,241.33958857919876,True,0.0016667747299789306,0.1999291175985792,249.96339054670358,0.03660945329642118,3.075764754730441,11.473692335767202
baseline_fixed,26,107.95,39.266666666666666,210.32152336114103,True,,0.19997955257841238,194.75442291265014,55.24557708734986,3.1422993855694035,9.721263861811375
baseline_offline,26,123.4,39.266666666666666,239.73446086113503,True,,0.21208925128844955,250.0128452605243,-0.012845260524301239,3.170283162165511,9.721263861811375
aemcf,26,124.6,40.13333333333333,241.2649924977094,True,0.0016054768473783496,0.19999257542560728,249.93836745368915,0.06163254631084669,3.1786354959053242,9.721263861811375
aemcf_nowind,26,124.25,38.68333333333333,241.33958857919876,True,0.0015931229098589308,0.1999219169956202,249.96229628480103,0.03770371519897253,3.168008677586561,9.721263861811375
baseline_fixed,27,107.95,38.86666666666667,210.32855572266942,True,,0.1999544747126023,194.75954644406363,55.24045355593637,3.177323127422252,11.129775620616819
baseline_offline,27,123.4,38.86666666666667,239.74149322266342,True,,0.21206760544270112,250.01796687131755,-0.017966871317554478,3.1871830743608065,11.129775620616819
aemcf,27,124.31666666666666,39.38333333333333,241.3375690245979,True,0.0015869539975867954,0.19996839831342034,250.01352813441667,-0.01352813441667422,3.185997963622426,11.129775620616819
aemcf_nowind,27,124.26666666666667,38.68333333333333,241.3713177458654,True,0.0017124893184014987,0.19994406672460285,250.024530030509,-0.02453003050899838,3.186736121539768,11.129775620616819
baseline_fixed,28,107.95,38.86666666666667,210.32432276406513,True,,0.1999695697226399,194.7552155325796,55.2447844674204,3.1460696260369203,10.250971719118393
baseline_offline,28,123.4,38.86666666666667,239.73726026405913,True,,0.21208063463191953,250.01199833142854,-0.011998331428543452,3.162503983861666,10.250971719118393
aemcf,28,124.28333333333333,39.6,241.3310660754125,True,0.0015355079282554887,0.1999276374767244,249.99560383550235,0.004396164497649124,3.1578479862056983,10.250971719118393
aemcf_nowind,28,124.25,38.68333333333333,241.33958857919876,True,0.001549908689335165,0.19995190851633166,249.96979848050609,0.030201519493914475,3.1572121491999106,10.250971719118393
baseline_fixed,29,107.96666666666667,38.45,210.3436552185775,True,,0.19990062891262905,194.77320906431746,55.226790935682544,3.056817166145732,9.429625049644487
baseline_offline,29,123.41666666666667,38.45,239.7565927185715,True,,0.2120211286854964,250.03105034223432,-0.031050342234323125,3.0995127186802476,9.429625049644487
aemcf,29,124.91666666666667,38.96666666666667,241.290898910136,True,0.0015647400438961907,0.1999910788382952,250.0170717000475,-0.017071700047495142,3.09022883949461,9.429625049644487
aemcf_nowind,29,124.25,38.68333333333333,241.33958857919876,True,0.0016152868984580374,0.1999299030232883,249.96398269493736,0.03601730506264289,3.0918488347733786,9.429625049644487
